theta,alpha,beta,log_size_gb,throughput_rps,cpu_usage,detection_f1,diagnosis_f1
0.0,100,0,5.0,30004,50.1,0.8669,0.7402
0.01,100,1.0101010101010102,5.1,29906,50.2,0.8627,0.75
0.02,100,2.0408163265306123,5.21,29833,50.6,0.8709,0.7647
0.03,100,3.0927835051546393,5.28,29733,50.8,0.8485,0.7817
0.05,100,5.2631578947368425,5.52,29555,51.5,0.8617,0.7558
0.1,100,11.11111111111111,6.02,29081,53.1,0.8736,0.7946
